﻿<?xml version="1.0" encoding="utf-8"?>
<Versions>
  <Version package="PervasiveDigital.Diagnostics">
    <Major>3</Major>
    <Minor>0</Minor>
    <Build>9</Build>
    <Revision>0</Revision>
    <Suffix></Suffix>
  </Version>
  <Version package="PervasiveDigital.Hardware.ESP8266">
    <Major>3</Major>
    <Minor>0</Minor>
    <Build>9</Build>
    <Revision>0</Revision>
    <Suffix></Suffix>
  </Version>
  <Version package="PervasiveDigital.Net">
    <Major>3</Major>
    <Minor>0</Minor>
    <Build>9</Build>
    <Revision>0</Revision>
    <Suffix></Suffix>
  </Version>
  <Version package="PervasiveDigital.Net.Azure.MobileServices">
    <Major>3</Major>
    <Minor>0</Minor>
    <Build>9</Build>
    <Revision>0</Revision>
    <Suffix></Suffix>
  </Version>
  <Version package="PervasiveDigital.Net.Azure.Storage">
    <Major>3</Major>
    <Minor>0</Minor>
    <Build>9</Build>
    <Revision>0</Revision>
    <Suffix></Suffix>
  </Version>
  <Version package="PervasiveDigital.Security.ManagedProviders">
    <Major>3</Major>
    <Minor>0</Minor>
    <Build>9</Build>
    <Revision>0</Revision>
    <Suffix></Suffix>
  </Version>
  <Version package="PervasiveDigital.Utility">
    <Major>3</Major>
    <Minor>0</Minor>
    <Build>9</Build>
    <Revision>0</Revision>
    <Suffix></Suffix>
  </Version>
</Versions>
